TBC 01,Rp 500.000,https://www.sakurafloristbandung.com/thumbs/TBC-IMG_9801.png
TBC 02,Rp 600.000,https://www.sakurafloristbandung.com/thumbs/TBC-IMG_9800.png
TBC 03,Rp 2.000.000,https://www.sakurafloristbandung.com/thumbs/TBC-IMG_9807.png
TBC 04,Rp 900.000,https://www.sakurafloristbandung.com/thumbs/TBC-IMG_9813.png
TBC 05,Rp 750.000,https://www.sakurafloristbandung.com/thumbs/TBC-IMG_9793.png
TBC 06,Rp 500.000,https://www.sakurafloristbandung.com/thumbs/TBC-IMG_9792.png
TBC 07,Rp 650.000,https://www.sakurafloristbandung.com/thumbs/TBC-IMG_9812.png
TBC 08,Rp 2.000.000,https://www.sakurafloristbandung.com/thumbs/TBC-IMG_9810.png
TBC 011,Rp 1.000.000,https://www.sakurafloristbandung.com/thumbs/TBC-IMG_9811.png
TBC 012,Rp 750.000,https://www.sakurafloristbandung.com/thumbs/TBC-IMG_20170502_112524.jpg
TBC 013,Rp 1.000.000,https://www.sakurafloristbandung.com/thumbs/TBC-IMG-20190117-WA0016.jpg
TBC 014,Rp 450.000,https://www.sakurafloristbandung.com/thumbs/TBC-IMG_20151024_065613.jpg
TBC 015,Rp 650.000,https://www.sakurafloristbandung.com/thumbs/TBC-IMG_20151102_141342.jpg
TBC 016,Rp 1.000.000,https://www.sakurafloristbandung.com/thumbs/TBC-IMG_20170422_160239.jpg
TBC 017,Rp 1.000.000,https://www.sakurafloristbandung.com/thumbs/TBC-IMG-20190110-WA0015.jpg
TBC 018,Rp 500.000,https://www.sakurafloristbandung.com/thumbs/TBC-IMG_20161114_135244.jpg
TBC 019,Rp 500.000,https://www.sakurafloristbandung.com/thumbs/TBC-PhotoGrid_1458432378322.jpg
TBC 020,Rp 500.000,https://www.sakurafloristbandung.com/thumbs/TBC-20200211_155442.jpg
TBC 021,Rp 1.000.000,https://www.sakurafloristbandung.com/thumbs/TBC-IMG_9798.png
