CRL 01,Rp 1.200.000,https://www.sakurafloristbandung.com/thumbs/CRL-IMG_9834.png
CRL 02,Rp 500.000,https://www.sakurafloristbandung.com/thumbs/CRL-IMG_9833.png
CRL 03,Rp 1.000.000,https://www.sakurafloristbandung.com/thumbs/CRL-IMG_9835.png
CRL 04,Rp 2.500.000,https://www.sakurafloristbandung.com/thumbs/CRL-IMG_9831.png
CRL 05,Rp 650.000,https://www.sakurafloristbandung.com/thumbs/CRL-IMG_9845.png
CRL 06,Rp 2.000.000,https://www.sakurafloristbandung.com/thumbs/CRL-IMG_9829.png
CRL 07,Rp 500.000,https://www.sakurafloristbandung.com/thumbs/CRL-IMG_9830.png
CRL 08,Rp 600.000,https://www.sakurafloristbandung.com/thumbs/CRL-IMG_9844.png
CRL 09,Rp 750.000,https://www.sakurafloristbandung.com/thumbs/CRL-IMG_9841.png
CRL 010,Rp 375.000,https://www.sakurafloristbandung.com/thumbs/CRL-IMG_9846.png
Crl 011,Rp 3.500.000,https://www.sakurafloristbandung.com/thumbs/Crl-IMG_9842.png
