SBHW 01,Rp 500.000,https://www.sakurafloristbandung.com/thumbs/SBHW-IMG_20160430_170101.jpg
SBHW 02,Rp 750.000,https://www.sakurafloristbandung.com/thumbs/SBHW-PhotoGrid_1476438907595.jpg
SBHW 03,Rp 1.500.000,https://www.sakurafloristbandung.com/thumbs/Toko-01.jpg
SBHW 04,Rp 750.000,https://www.sakurafloristbandung.com/thumbs/SBHW-IMG_20161209_220259.jpg
SBHW 05,Rp 1.500.000,https://www.sakurafloristbandung.com/thumbs/SBHW-IMG20160723080216.jpg
SBHW 06,Rp 750.000,https://www.sakurafloristbandung.com/thumbs/SBHW-IMG_20170415_135403.jpg
SBHW 07,Rp 850.000,https://www.sakurafloristbandung.com/thumbs/SBHW-PhotoGrid_1474597048283.jpg
SBHW 08,Rp 850.000,https://www.sakurafloristbandung.com/thumbs/SBHW-PhotoGrid_1444622405655.jpg
SBHW 09,Rp 1.500.000,https://www.sakurafloristbandung.com/thumbs/SBHW-IMG_20151012_105254.jpg
SBHW 010,Rp 1.000.000,https://www.sakurafloristbandung.com/thumbs/SBHW-IMG_20170513_203942_319.jpg
SBHW 011,Rp 750.000,https://www.sakurafloristbandung.com/thumbs/SBHW-IMG_20160227_135540.jpg
SBHW 012,Rp 850.000,https://www.sakurafloristbandung.com/thumbs/SBHW-IMG_20170422_110002.jpg
SBHW 013,Rp 500.000,https://www.sakurafloristbandung.com/thumbs/SBHW-PhotoGrid_1476496183178.jpg
SBHW 014,Rp 1.200.000,https://www.sakurafloristbandung.com/thumbs/SBHW-20200211_160109.jpg
SBHW 015,Rp 1.000.000,https://www.sakurafloristbandung.com/thumbs/SBHW-PhotoGrid_1458314236074.jpg
SBHW 016,Rp 900.000,https://www.sakurafloristbandung.com/thumbs/SBHW-PhotoGrid_1469854215906.jpg
SBHW 017,Rp 1.000.000,https://www.sakurafloristbandung.com/thumbs/SBHW-E9502B46-241C-4B9C-A923-B4AE353782C1.jpeg
SBHW 018,Rp 2.000.000,https://www.sakurafloristbandung.com/thumbs/SBHW-F4ACED93-F0AC-4125-8A3A-2CB214892B06.jpeg
