HM 01,Rp 0,https://www.sakurafloristbandung.com/thumbs/HM-PhotoGrid_1444099203648.jpg
HM 02,Rp 0,https://www.sakurafloristbandung.com/thumbs/HM-PhotoGrid_1444099176278.jpg
HM 03,Rp 0,https://www.sakurafloristbandung.com/thumbs/HM-PhotoGrid_1444545772295.jpg
HM 04,Rp 0,https://www.sakurafloristbandung.com/thumbs/HM-PhotoGrid_1444545728336.jpg
HM 05,Rp 0,https://www.sakurafloristbandung.com/thumbs/HM-PhotoGrid_1444545752866.jpg
HM 06,Rp 0,https://www.sakurafloristbandung.com/thumbs/HM-IMG_20151024_073600.jpg
HM 07,Rp 0,https://www.sakurafloristbandung.com/thumbs/HM-IMG_20151024_073556.jpg
HM 08,Rp 0,https://www.sakurafloristbandung.com/thumbs/HM-IMG_20151024_073554.jpg
HM 09,Rp 0,https://www.sakurafloristbandung.com/thumbs/HM-IMG_20151024_073550.jpg
HM 010,Rp 0,https://www.sakurafloristbandung.com/thumbs/HM-IMG_20151024_073552.jpg
HM 011,Rp 0,https://www.sakurafloristbandung.com/thumbs/HM-IMG_20160116_073851.jpg
HM 012,Rp 0,https://www.sakurafloristbandung.com/thumbs/HM-PhotoGrid_1471538932699.jpg
