Bunga pcl 01,Rp 650.000,https://www.sakurafloristbandung.com/thumbs/Bunga-IMG_6391.jpeg
Bunga pcl 02,Rp 850.000,https://www.sakurafloristbandung.com/thumbs/Bunga-IMG_6393.jpeg
Bunga pcl 03,Rp 600.000,https://www.sakurafloristbandung.com/thumbs/BP-PhotoGrid_1440388268918.jpg
Bunga pcl 04,Rp 500.000,https://www.sakurafloristbandung.com/thumbs/Bunga-PhotoGrid_1440418811306.jpg
Bunga pcl 05,Rp 650.000,https://www.sakurafloristbandung.com/thumbs/Bunga-IMG_6392.jpeg
Bunga pcl 06,Rp 500.000,https://www.sakurafloristbandung.com/thumbs/Bunga-PhotoGrid_1440418854516.jpg
Bunga pcl 07,Rp 500.000,https://www.sakurafloristbandung.com/thumbs/Bunga-PhotoGrid_1440418875966.jpg
Bunga pcl 08,Rp 1.000.000,https://www.sakurafloristbandung.com/thumbs/Bunga-PhotoGrid_1440418902770.jpg
Bunga pcl 09,Rp 500.000,https://www.sakurafloristbandung.com/thumbs/Bunga-PhotoGrid_1440418959462.jpg
Bunga pcl 010,Rp 700.000,https://www.sakurafloristbandung.com/thumbs/Bunga-PhotoGrid_1440418930964.jpg
Bunga pcl 011,Rp 500.000,https://www.sakurafloristbandung.com/thumbs/Bunga-PhotoGrid_1445905447880.jpg
Bunga pcl 012,Rp 500.000,https://www.sakurafloristbandung.com/thumbs/Bunga-IMG_20160101_092947.jpg
